NUMOFBODIES,ID,PELVIS_X,PELVIS_Y,PELVIS_CONFIDENCE_LEVEL,SPINE_NAVAL_X,SPINE_NAVAL_Y,SPINE_NAVA_CONFIDENCE_LEVEL,SPINE_CHEST_X,SPINE_CHEST_Y,SPINE_CHEST_CONFIDENCE_LEVEL,NECK_X,NECK_Y,NECK_CONFIDENCE_LEVEL,SHOULDER_LEFT_X,SHOULDER_LEFT_Y,SHOULDER_LEFT_CONFIDENCE_LEVEL,ELBOW_LEFT_X,ELBOW_LEFT_Y,ELBOW_LEFT_CONFIDENCE_LEVEL,WRIST_LEFT_X,WRIST_LEFT_Y,WRIST_LEFT_CONFIDENCE_LEVEL,SHOULDER_RIGHT_X,SHOULDER_RIGHT_Y,SHOULDER_RIGHT_CONFIDENCE_LEVEL,ELBOW_RIGHT_X,ELBOW_RIGHT_Y,ELBOW_RIGHT_CONFIDENCE_LEVEL,WRIST_RIGHT_X,WRIST_RIGHT_Y,WRIST_RIGHT_CONFIDENCE_LEVEL,HIP_LEFT_X,HIP_LEFT_Y,HIP_LEFT_CONFIDENCE_LEVEL,KNEE_LEFT_X,KNEE_LEFT_Y,KNEE_LEFT_CONFIDENCE_LEVEL,ANKLE_LEFT_X,ANKLE_LEFT_Y,ANKLE_LEFT_CONFIDENCE_LEVEL,HIP_RIGHT_X,HIP_RIGHT_Y,HIP_RIGHT_CONFIDENCE_LEVEL,KNEE_RIGHT_X,KNEE_RIGHT_Y,KNEE_RIGHT_CONFIDENCE_LEVEL,ANKLE_RIGHT_X,ANKLE_RIGHT_Y,ANKLE_RIGHT_CONFIDENCE_LEVEL,HEAD_X,HEAD_Y,HEAD_CONFIDENCE_LEVEL,TIMESTAMP,FRAME_NUM
0,0,0.0,0.0,0,0.0,0.0,0,0.0,0.0,0,0.0,0.0,0,0.0,0.0,0,0.0,0.0,0,0.0,0.0,0,0.0,0.0,0,0.0,0.0,0,0.0,0.0,0,0.0,0.0,0,0.0,0.0,0,0.0,0.0,0,0.0,0.0,0,0.0,0.0,0,0.0,0.0,0,0.0,0.0,0,16:50:15:018,0
0,0,0.0,0.0,0,0.0,0.0,0,0.0,0.0,0,0.0,0.0,0,0.0,0.0,0,0.0,0.0,0,0.0,0.0,0,0.0,0.0,0,0.0,0.0,0,0.0,0.0,0,0.0,0.0,0,0.0,0.0,0,0.0,0.0,0,0.0,0.0,0,0.0,0.0,0,0.0,0.0,0,0.0,0.0,0,16:50:15:340,10
0,0,0.0,0.0,0,0.0,0.0,0,0.0,0.0,0,0.0,0.0,0,0.0,0.0,0,0.0,0.0,0,0.0,0.0,0,0.0,0.0,0,0.0,0.0,0,0.0,0.0,0,0.0,0.0,0,0.0,0.0,0,0.0,0.0,0,0.0,0.0,0,0.0,0.0,0,0.0,0.0,0,0.0,0.0,0,16:50:15:668,20
0,0,0.0,0.0,0,0.0,0.0,0,0.0,0.0,0,0.0,0.0,0,0.0,0.0,0,0.0,0.0,0,0.0,0.0,0,0.0,0.0,0,0.0,0.0,0,0.0,0.0,0,0.0,0.0,0,0.0,0.0,0,0.0,0.0,0,0.0,0.0,0,0.0,0.0,0,0.0,0.0,0,0.0,0.0,0,16:50:15:992,30
0,0,0.0,0.0,0,0.0,0.0,0,0.0,0.0,0,0.0,0.0,0,0.0,0.0,0,0.0,0.0,0,0.0,0.0,0,0.0,0.0,0,0.0,0.0,0,0.0,0.0,0,0.0,0.0,0,0.0,0.0,0,0.0,0.0,0,0.0,0.0,0,0.0,0.0,0,0.0,0.0,0,0.0,0.0,0,16:50:16:324,40
0,0,0.0,0.0,0,0.0,0.0,0,0.0,0.0,0,0.0,0.0,0,0.0,0.0,0,0.0,0.0,0,0.0,0.0,0,0.0,0.0,0,0.0,0.0,0,0.0,0.0,0,0.0,0.0,0,0.0,0.0,0,0.0,0.0,0,0.0,0.0,0,0.0,0.0,0,0.0,0.0,0,0.0,0.0,0,16:50:16:663,50
0,0,0.0,0.0,0,0.0,0.0,0,0.0,0.0,0,0.0,0.0,0,0.0,0.0,0,0.0,0.0,0,0.0,0.0,0,0.0,0.0,0,0.0,0.0,0,0.0,0.0,0,0.0,0.0,0,0.0,0.0,0,0.0,0.0,0,0.0,0.0,0,0.0,0.0,0,0.0,0.0,0,0.0,0.0,0,16:50:16:991,60
0,0,0.0,0.0,0,0.0,0.0,0,0.0,0.0,0,0.0,0.0,0,0.0,0.0,0,0.0,0.0,0,0.0,0.0,0,0.0,0.0,0,0.0,0.0,0,0.0,0.0,0,0.0,0.0,0,0.0,0.0,0,0.0,0.0,0,0.0,0.0,0,0.0,0.0,0,0.0,0.0,0,0.0,0.0,0,16:50:17:324,70
0,0,0.0,0.0,0,0.0,0.0,0,0.0,0.0,0,0.0,0.0,0,0.0,0.0,0,0.0,0.0,0,0.0,0.0,0,0.0,0.0,0,0.0,0.0,0,0.0,0.0,0,0.0,0.0,0,0.0,0.0,0,0.0,0.0,0,0.0,0.0,0,0.0,0.0,0,0.0,0.0,0,0.0,0.0,0,16:50:17:652,80
0,0,0.0,0.0,0,0.0,0.0,0,0.0,0.0,0,0.0,0.0,0,0.0,0.0,0,0.0,0.0,0,0.0,0.0,0,0.0,0.0,0,0.0,0.0,0,0.0,0.0,0,0.0,0.0,0,0.0,0.0,0,0.0,0.0,0,0.0,0.0,0,0.0,0.0,0,0.0,0.0,0,0.0,0.0,0,16:50:17:991,90
0,0,0.0,0.0,0,0.0,0.0,0,0.0,0.0,0,0.0,0.0,0,0.0,0.0,0,0.0,0.0,0,0.0,0.0,0,0.0,0.0,0,0.0,0.0,0,0.0,0.0,0,0.0,0.0,0,0.0,0.0,0,0.0,0.0,0,0.0,0.0,0,0.0,0.0,0,0.0,0.0,0,0.0,0.0,0,16:50:18:324,100
0,0,0.0,0.0,0,0.0,0.0,0,0.0,0.0,0,0.0,0.0,0,0.0,0.0,0,0.0,0.0,0,0.0,0.0,0,0.0,0.0,0,0.0,0.0,0,0.0,0.0,0,0.0,0.0,0,0.0,0.0,0,0.0,0.0,0,0.0,0.0,0,0.0,0.0,0,0.0,0.0,0,0.0,0.0,0,16:50:18:656,110
0,0,0.0,0.0,0,0.0,0.0,0,0.0,0.0,0,0.0,0.0,0,0.0,0.0,0,0.0,0.0,0,0.0,0.0,0,0.0,0.0,0,0.0,0.0,0,0.0,0.0,0,0.0,0.0,0,0.0,0.0,0,0.0,0.0,0,0.0,0.0,0,0.0,0.0,0,0.0,0.0,0,0.0,0.0,0,16:50:18:991,120
1,0,1312.2158,237.99817,2,1313.7479,203.54755,2,1315.1609,175.40738,2,1317.7588,131.09406,2,1287.9849,152.20206,2,1258.2667,198.21094,2,1239.1086,235.64035,2,1347.0557,147.01443,2,1352.7284,202.02753,2,1341.8657,247.2644,2,1294.5363,239.6983,2,1285.8174,313.89536,2,1279.3438,382.3215,2,1328.3596,236.44254,2,1308.5005,310.96072,2,1291.8352,379.82532,1,1319.391,114.25754,2,16:50:19:327,130
1,0,1264.3174,265.04996,2,1257.6337,226.74088,2,1259.6671,193.991,2,1266.8337,141.63293,2,1296.4227,162.85147,2,1311.933,220.50076,2,1325.1003,268.9668,2,1239.7451,161.93234,2,1229.2507,229.18402,1,1248.1409,276.56802,1,1269.0284,261.23514,2,1310.6133,329.79578,1,1286.8457,403.83102,1,1259.9452,268.59042,1,1332.9508,315.19626,1,1312.05,395.18634,1,1271.897,121.48526,2,16:50:19:652,140
1,0,1212.9441,261.12204,2,1213.1547,223.38452,2,1213.3658,192.06766,2,1215.6549,142.54697,2,1248.9442,155.59811,2,1254.2456,215.39102,2,1245.1532,266.0769,2,1184.6136,162.92404,2,1183.871,222.1666,2,1171.1221,263.97745,2,1232.142,259.32687,2,1245.4329,330.1914,1,1252.8088,384.20428,1,1195.8545,262.71286,2,1224.2839,334.89844,2,1248.0812,398.73865,1,1215.0784,123.53003,2,16:50:19:989,150
0,0,0.0,0.0,0,0.0,0.0,0,0.0,0.0,0,0.0,0.0,0,0.0,0.0,0,0.0,0.0,0,0.0,0.0,0,0.0,0.0,0,0.0,0.0,0,0.0,0.0,0,0.0,0.0,0,0.0,0.0,0,0.0,0.0,0,0.0,0.0,0,0.0,0.0,0,0.0,0.0,0,0.0,0.0,0,16:50:20:317,160
1,0,1106.4932,271.91364,2,1109.6434,235.31894,2,1111.4535,205.13821,2,1118.3732,156.59378,2,1145.8704,180.62817,2,1156.7222,238.06699,2,1154.6725,286.98996,2,1090.1431,170.09222,2,1057.5205,215.88162,2,1025.9318,248.02731,2,1121.2639,274.68106,2,1092.9906,350.9715,2,1082.2314,416.17456,2,1093.4714,269.46375,2,1058.0049,338.5111,2,1080.6755,397.49265,2,1119.5608,137.9129,2,16:50:20:671,170
1,0,1069.264,273.53192,2,1073.4175,234.76425,2,1077.1205,202.47504,2,1085.0587,151.15906,2,1111.225,177.60355,2,1111.9392,242.70709,2,1087.2179,289.74744,2,1055.3124,165.12811,2,1040.6467,220.00519,2,1020.91364,264.46384,1,1085.9296,276.5159,2,1076.5701,355.3144,2,1076.3748,413.07733,2,1054.5204,270.8786,2,1023.17334,346.79657,2,1045.8293,401.98163,2,1086.4249,131.27649,2,16:50:20:995,180
1,0,1017.7737,284.33725,2,1017.74445,245.28629,2,1018.32074,212.5622,2,1023.3041,160.3002,2,1048.4564,183.0192,2,1057.6897,248.75284,2,1035.3893,297.06485,2,996.17554,175.97308,2,956.97906,220.0011,1,919.03046,247.92325,1,1033.8212,286.63367,2,1024.4343,367.226,2,1058.5613,404.0639,2,1003.60767,282.2978,2,993.0056,363.8913,2,986.2816,435.70685,2,1023.1612,140.01746,2,16:50:21:345,190
1,0,982.5873,291.66473,2,981.34326,250.69675,2,980.626,216.4024,2,979.6508,161.51147,2,1016.6476,177.77014,2,1043.2863,240.26755,2,1035.4233,291.3939,1,946.2766,176.6904,2,923.83734,229.2515,2,903.2917,277.7102,2,1000.8884,292.8727,2,985.6488,382.20035,2,986.38666,447.51517,2,966.3574,290.57794,2,967.61,377.06744,2,973.77106,436.19998,2,977.93884,140.3627,2,16:50:21:708,200
1,0,945.09534,303.96875,2,944.9889,263.7376,2,944.9414,230.16925,2,949.9128,176.55707,2,985.0204,199.5242,2,1007.4457,260.83075,2,1012.3164,314.51642,2,914.06433,187.44,2,893.5604,239.10022,2,882.06226,287.62994,2,962.5362,306.43713,2,944.3657,391.38458,2,956.9957,455.40927,2,929.62244,301.7652,2,934.6417,389.38177,2,948.10974,457.1765,2,950.64545,155.69296,2,16:50:22:064,210
1,0,909.5764,329.74097,2,910.93695,284.68863,2,913.0296,246.32788,2,914.0413,185.04187,2,954.41077,205.70572,2,977.6176,279.77155,2,962.8729,336.23462,2,874.3165,203.39102,2,863.24274,267.22012,2,855.0742,324.34497,2,931.1669,332.864,2,931.5013,417.64322,2,936.21027,473.4376,2,890.26764,326.92938,2,875.6477,422.77695,2,864.37897,507.82443,2,912.99475,161.09659,2,16:50:22:439,220
1,0,870.7413,345.90552,2,869.66565,299.87317,2,869.25134,260.3503,2,863.30774,197.33676,2,910.4105,207.80978,2,936.7647,281.3981,2,945.1738,343.20227,2,820.69806,213.99384,2,807.0189,284.00897,2,795.9872,341.98138,2,893.9519,346.87512,2,908.6552,441.21228,2,918.2134,470.00275,2,849.7938,345.0108,2,850.13403,439.50232,2,852.5405,517.9102,2,860.11633,172.88309,2,16:50:22:770,230
1,0,864.3751,368.1236,2,858.7164,320.1366,2,853.79895,279.37808,2,846.1975,213.34625,2,897.92377,218.66324,2,921.466,291.83295,2,939.61285,348.8352,2,799.19775,221.58868,2,766.3047,298.1692,2,759.97864,359.51697,2,888.60535,365.4005,2,890.1754,471.55374,2,884.26337,561.83026,2,842.35693,370.5758,2,843.9245,456.97098,2,846.3593,520.2697,2,843.72455,187.85657,2,16:50:23:104,240
1,0,870.26465,393.57788,2,867.5369,340.55835,2,865.15753,295.73126,2,864.1768,223.82822,2,917.7041,242.3194,2,939.58594,318.8122,2,957.02734,379.91956,2,814.3023,243.80157,2,795.1748,332.75977,2,789.1322,405.71582,2,896.9964,392.63373,2,889.7104,493.29456,2,881.59576,573.3366,2,845.98016,394.41278,2,831.68036,505.74512,2,833.4186,527.4608,2,864.71216,195.9574,2,16:50:23:514,250
1,0,871.3305,425.89194,2,871.1282,370.35278,2,870.6572,322.86288,2,869.23694,245.27136,2,922.26135,254.64435,2,946.412,334.76334,2,968.7285,398.1343,2,816.7129,261.26477,2,790.71484,357.70087,2,777.77295,437.11023,2,899.8675,424.97617,2,890.4778,511.35516,2,878.9175,571.7333,2,845.2223,426.7082,2,851.58014,550.80865,2,858.4497,660.36694,2,870.46954,215.23386,2,16:50:23:892,260
1,0,874.54944,439.24658,2,872.5578,381.34396,2,870.7359,331.72144,2,865.3276,249.37503,2,909.60266,255.3677,2,898.89484,337.52017,2,928.14307,408.88943,2,821.4721,284.87076,2,801.8367,394.83533,2,800.9033,485.31824,2,901.0359,432.74417,2,919.93085,534.78595,2,876.70105,583.0932,2,849.8746,445.28217,2,856.1956,564.4714,2,858.28595,657.4277,2,866.6839,217.29025,2,16:50:24:224,270
1,0,878.5042,446.8708,2,876.62024,389.89755,2,872.64874,340.22522,2,876.92206,258.47696,2,909.34357,281.0283,1,934.4555,358.41644,1,981.94,418.67096,1,852.3111,306.50958,2,864.23895,419.47354,2,910.24994,496.7907,2,899.0911,436.46246,1,921.75085,549.26575,1,912.1655,633.5563,1,859.1164,456.65488,2,861.0022,569.0767,2,856.14996,654.9007,2,883.10065,226.99078,2,16:50:24:564,280
1,0,916.5044,448.11584,2,919.275,389.305,2,916.3307,338.3141,2,915.4452,255.1243,2,932.02435,267.71808,2,1005.25885,285.19794,2,1081.8196,283.36975,1,899.84125,296.23853,2,905.39294,407.71716,2,945.2811,480.3034,2,933.0848,439.3645,2,934.6791,550.59564,2,926.9452,640.53076,2,900.78955,456.39966,2,880.5541,568.9769,2,856.6554,657.0821,2,919.9309,222.62717,2,16:50:24:898,290
1,0,914.57214,447.92957,2,923.4179,385.8571,2,929.35046,333.085,2,946.2956,248.61005,2,933.8254,248.68042,2,1008.3944,239.14731,2,1009.16565,240.73401,2,955.91425,294.12143,2,940.50854,410.45468,2,981.5977,478.9765,2,909.84015,437.43405,2,973.0042,533.6829,2,928.59454,638.29364,2,919.095,457.9611,2,985.418,564.13196,2,918.1316,658.0482,2,958.1384,216.32724,2,16:50:25:229,300
1,0,975.3254,451.49652,2,983.70105,394.1338,2,991.45074,345.43143,2,1000.04706,265.29773,2,999.3836,271.45444,2,1065.7252,213.2439,2,1077.341,184.4123,2,993.46954,303.51492,2,985.7547,412.38092,2,1039.3992,478.8565,2,966.8566,440.11163,2,956.255,552.81604,2,927.37445,645.1792,2,983.3727,462.3091,2,1016.5982,579.82666,2,1035.7069,682.20087,2,1008.4314,234.2457,2,16:50:25:556,310
1,0,1039.3197,452.01874,2,1044.8207,392.05713,2,1050.4617,340.7395,2,1064.1449,256.62753,2,1031.4355,272.6605,2,1012.24133,354.37103,2,1075.2488,376.23816,1,1089.6218,304.81274,2,1092.6519,419.648,2,1136.1033,493.37112,2,1025.0237,440.53415,2,1018.1005,541.5012,2,954.61694,629.7151,2,1052.9131,462.92566,2,1064.6498,585.6243,2,1042.6132,687.75366,2,1074.4338,223.54013,2,16:50:25:927,320
1,0,1073.5494,449.9653,2,1075.2704,389.88593,2,1078.249,337.76343,2,1092.6296,251.96338,2,1035.2651,266.41223,2,1012.09,356.76498,2,1035.5903,403.36362,1,1141.4845,290.8756,2,1169.8903,399.37125,2,1200.5071,469.81464,2,1045.6078,443.99194,2,1050.2598,547.9335,2,1047.3302,655.55695,2,1099.6561,455.52484,2,1079.0999,577.98834,2,1050.4895,684.9201,2,1101.186,218.67322,2,16:50:26:305,330
1,0,1081.3647,439.22858,2,1085.0366,378.72748,2,1088.0333,327.31775,2,1095.3674,241.70923,2,1035.578,274.18936,2,1009.4585,360.0999,2,1007.8644,412.23184,2,1147.9713,279.98154,2,1189.1965,379.71027,2,1219.6863,453.5117,2,1052.054,434.44714,2,1057.9537,550.8589,2,1053.4512,657.9219,2,1108.5863,443.64597,2,1129.6748,556.12067,2,1075.62,667.514,2,1100.3048,208.63162,2,16:50:26:633,340
1,0,1105.1146,436.33347,2,1110.7942,376.5346,2,1115.0244,326.47107,2,1127.0336,244.31638,2,1062.9473,264.2038,2,1024.4348,351.54025,2,1014.1095,414.30402,2,1181.3348,280.2998,2,1222.8247,374.3531,2,1253.9088,445.46448,2,1075.1426,432.38574,2,1064.6093,549.3386,2,1053.4248,654.4844,2,1132.7931,439.95673,2,1142.7043,554.5198,2,1147.5215,656.23846,2,1133.2194,211.37119,2,16:50:26:964,350
1,0,1145.0974,432.09866,2,1159.0221,371.9447,2,1170.6831,321.1595,2,1191.4204,237.46533,2,1120.8918,253.15167,2,1073.685,346.1317,2,1060.7863,411.72693,2,1242.117,283.3935,2,1281.5068,376.3286,2,1308.6338,435.28632,2,1114.1041,425.4756,2,1087.2339,538.24426,2,1059.419,645.39746,2,1173.5596,438.1552,2,1160.5382,557.73566,2,1146.4072,663.4877,2,1200.7001,203.78528,2,16:50:27:296,360
1,0,1173.4591,436.64868,2,1189.7435,377.0876,2,1203.3385,326.3882,2,1230.624,242.2157,2,1160.5697,258.32773,2,1110.1946,341.12286,2,1098.955,403.04556,2,1279.211,289.9586,2,1300.682,393.7928,2,1319.66,433.4311,2,1143.8005,427.328,2,1113.1709,529.8442,2,1075.2578,636.7473,2,1200.9856,445.2727,2,1175.3904,564.23126,2,1150.6184,667.009,2,1242.8906,209.14246,2,16:50:27:669,370
1,0,1172.7103,434.69116,2,1190.3287,376.93835,2,1204.4945,327.9234,2,1235.5996,247.15506,2,1169.6263,253.63934,2,1125.3457,332.80933,2,1156.2793,370.68152,1,1279.7671,296.26227,2,1297.8295,397.3868,2,1315.8018,437.33475,2,1145.5701,423.87885,2,1117.1245,524.6754,2,1070.7971,624.22296,2,1198.0106,444.74292,2,1176.0216,561.689,2,1153.0255,661.8154,2,1249.8943,215.46475,2,16:50:28:019,380
1,0,1154.5131,435.8205,2,1170.5653,377.92828,2,1183.5165,328.84528,2,1215.5114,248.3974,2,1149.0121,256.04337,2,1103.6295,340.69336,2,1129.6168,384.02612,1,1257.1577,300.22162,2,1291.5188,392.0624,2,1316.5195,442.3344,2,1126.763,425.81256,2,1108.5051,526.54987,2,1064.8541,621.1303,2,1180.3167,445.09927,2,1165.2468,562.03217,2,1148.424,662.39514,2,1229.7042,217.32242,2,16:50:28:340,390
1,0,1109.2098,435.90906,2,1116.3512,377.87177,2,1121.8922,328.86932,2,1141.6635,248.32272,2,1083.6023,268.06033,2,1070.1232,366.26822,2,1102.7356,407.53763,1,1187.242,288.9903,2,1225.904,382.17847,2,1259.4856,442.61227,2,1081.5743,429.64975,2,1071.6788,535.43567,2,1050.296,636.7176,2,1134.9116,441.708,2,1145.4685,555.5647,2,1150.0466,656.0661,2,1151.6859,217.32599,2,16:50:28:661,400
1,0,1068.1259,437.20105,2,1073.5135,377.55823,2,1078.1232,327.11105,2,1093.977,245.40915,2,1046.7766,270.18866,2,1036.8058,344.61017,1,1063.2969,386.7189,1,1137.488,284.52158,2,1168.0571,385.7762,2,1193.3755,461.72855,2,1041.4792,431.27374,2,1046.3927,539.3341,2,1037.34,640.6836,2,1092.9834,442.7086,2,1105.5787,562.12634,2,1110.269,667.516,2,1103.3363,214.3786,2,16:50:28:993,410
1,0,1042.1964,439.2183,2,1049.9568,382.22522,2,1057.4125,333.9986,2,1073.9958,255.36588,2,1054.4795,280.1335,2,1053.3096,356.4269,1,1094.5823,402.77747,1,1096.4316,292.45782,2,1106.3058,397.91815,2,1120.891,481.66074,2,1036.2557,429.3091,1,1050.9374,538.8581,1,1007.7557,633.40344,1,1047.8535,448.64673,2,1049.2579,578.1018,2,1006.13666,682.19037,2,1085.0183,225.60797,2,16:50:29:324,420
1,0,1035.9825,450.3991,2,1041.8191,390.67694,2,1041.8575,339.20532,2,1040.6632,256.18542,2,1068.4712,281.90692,2,1081.0353,355.70734,2,1113.1548,415.07947,2,1013.5802,295.20004,2,1012.72046,405.47382,2,1043.3005,488.1229,2,1055.8962,444.37012,2,1052.3595,553.4018,2,1029.5776,639.3863,2,1017.2826,456.0536,2,991.90674,574.7719,2,962.5155,663.8347,2,1044.6758,223.64856,2,16:50:29:645,430
1,0,989.8295,458.48395,2,993.8705,399.11755,2,996.23083,348.08374,2,991.89923,265.25754,2,1048.1151,279.17017,2,1066.1058,360.286,2,1085.1273,430.20203,2,944.3583,300.23868,2,929.22974,408.12628,2,937.7128,494.89734,2,1018.6818,456.36337,2,1040.9497,556.0324,2,1033.1997,631.61676,2,963.3141,460.4154,2,960.5431,577.96643,2,957.47675,663.5582,2,992.8531,232.89499,2,16:50:29:972,440
1,0,982.9386,462.47678,2,980.30396,404.06546,2,977.26117,353.52728,2,964.66327,271.5818,2,1030.019,277.5688,2,1058.7244,352.00372,2,1085.1036,427.2155,2,914.06476,311.75433,2,896.94305,413.0514,2,897.8383,496.00662,2,1012.4713,457.35092,2,1037.2748,564.829,2,1025.9243,644.2592,2,955.9401,467.14545,2,958.36304,583.3523,2,959.20355,664.4686,2,961.54266,239.60803,2,16:50:30:303,450
1,0,986.9501,465.22308,2,986.9549,406.45703,2,987.12396,356.64203,2,975.5285,276.05856,2,1037.2183,281.05173,2,1064.1104,348.5372,2,1093.778,420.87286,2,929.1849,320.295,2,912.89594,422.36853,2,906.9145,502.96375,2,1015.2865,460.77188,2,1026.6129,566.48914,2,985.00555,643.8297,2,960.8966,469.30017,2,962.7737,589.70996,2,953.9018,668.3667,2,973.32697,244.59338,2,16:50:30:629,460
1,0,996.0537,455.8294,2,998.6639,398.115,2,1001.39197,349.19992,2,1000.37897,268.45026,2,1047.7578,282.70013,2,1048.8042,352.99606,2,1069.807,421.83026,2,956.5299,308.29858,2,936.2875,412.61554,2,934.15436,496.3616,2,1022.3339,450.8613,2,1024.6781,558.2006,2,980.3035,641.95557,2,971.7449,460.4104,2,974.0006,584.2651,2,953.8358,668.928,2,1003.4086,237.06503,2,16:50:30:963,470
1,0,1008.5875,441.20914,2,1013.83203,384.40637,2,1016.21173,335.3672,2,1019.4856,253.22488,2,1038.2434,275.12543,2,1034.621,342.37982,1,1086.796,393.5218,1,992.8588,285.7214,2,925.952,371.5915,2,971.51355,448.12152,2,1022.5438,431.43597,2,1025.866,551.06085,2,987.4949,639.0217,2,995.4083,450.4334,2,991.2635,577.7166,2,953.5784,666.1014,2,1025.3958,221.24512,2,16:50:31:299,480
1,0,1007.15295,437.68008,2,1014.14465,379.55612,2,1014.8889,329.5464,2,1022.6498,248.02429,2,1033.2701,277.4307,2,1006.33795,360.9795,2,1050.6295,415.55035,2,1005.8013,279.5031,2,958.88995,376.4112,2,1011.77423,444.73816,2,1017.6982,429.41504,2,1015.5543,547.77844,2,982.8701,642.3229,2,997.1424,445.52332,2,989.5068,571.44556,2,952.86725,663.0386,2,1030.4158,216.64972,2,16:50:31:631,490
1,0,1012.78235,438.018,2,1019.27155,380.93414,2,1020.8634,331.87732,2,1026.8888,251.71774,2,1042.5825,281.3786,2,1018.15295,363.0495,2,1061.1893,417.14786,2,1010.89453,285.51743,2,966.1583,382.26044,2,1008.2282,454.17657,2,1025.2356,430.11444,2,1008.675,545.1858,2,984.3233,641.07983,2,1000.996,445.49475,2,989.02905,569.5144,2,952.5961,661.41394,2,1033.886,220.76785,2,16:50:31:970,500
1,0,1012.3441,440.8095,2,1019.5428,382.79193,2,1025.0378,333.70386,2,1032.1198,253.5758,2,1048.4033,283.7034,2,1046.0839,364.649,1,1084.3201,426.1784,1,1010.1726,286.00885,2,968.4164,384.7962,2,1008.27783,454.65817,2,1025.774,434.55313,2,1022.9566,551.7453,2,982.51154,641.2849,2,999.6252,446.73065,2,991.07874,571.01434,2,953.3099,659.6339,2,1039.4406,222.7283,2,16:50:32:292,510
1,0,1011.48914,442.11453,2,1018.82196,383.70294,2,1024.5132,334.48645,2,1033.6418,254.79453,2,1050.87,287.49344,2,1052.912,369.4585,1,1088.8267,432.21753,1,1009.83295,286.91705,2,969.8376,385.76453,2,1008.1809,456.4132,2,1023.8697,436.44196,2,1010.6837,550.3578,2,983.7727,643.23175,2,999.7429,447.49295,2,989.38635,571.7426,2,952.9587,659.9534,2,1041.6807,224.28299,2,16:50:32:635,520
1,0,1009.39355,443.26697,2,1018.3495,384.70013,2,1025.4532,335.43872,2,1037.6903,256.12057,2,1063.1343,287.9072,2,1045.6173,374.8575,2,1064.6349,433.46613,2,1005.9627,287.07108,2,958.3934,381.7968,2,995.96246,456.00037,2,1026.5934,439.74384,2,1014.4006,554.437,2,982.0299,644.18713,2,993.15533,446.58633,2,985.85895,573.0617,2,953.4789,660.39105,2,1046.5286,225.84055,2,16:50:32:964,530
1,0,1001.70197,444.21518,2,1012.98596,386.37738,2,1022.716,337.6764,2,1039.053,258.43906,2,1075.2062,292.30637,2,1073.3856,379.21808,2,1095.1576,448.36832,2,996.0727,284.6628,2,939.99774,374.14136,2,972.1647,450.96286,2,1022.02045,441.63428,2,1011.308,554.13385,2,978.3426,642.17584,2,982.6068,446.63083,2,976.81464,573.9458,2,946.7501,656.6725,2,1048.8909,228.30142,2,16:50:33:297,540
1,0,992.47687,453.36865,2,1003.6986,396.28265,2,1011.4861,346.6424,2,1024.5201,266.30292,2,1075.2223,300.4405,2,1090.4373,375.83374,2,1105.8285,448.26245,2,967.3143,285.17877,2,907.2359,368.2292,2,941.05396,445.0441,2,1020.2671,454.3805,2,1005.5148,561.58594,2,980.82587,643.3241,2,966.8761,452.4187,2,958.66034,577.2266,2,945.6525,657.7339,2,1031.7389,235.3859,2,16:50:33:632,550
1,0,975.9867,461.76593,2,980.651,401.1194,2,983.9342,349.24408,2,986.219,265.69766,2,1050.0989,289.3834,2,1077.2697,377.61945,2,1091.7365,456.75012,2,926.20984,292.1445,2,897.0391,386.00812,2,897.2263,465.9453,2,1006.8326,462.38498,2,1013.47156,576.08606,2,984.9161,639.6726,2,947.9088,461.18277,2,946.6799,581.23193,2,948.7105,657.91675,2,987.6982,233.17664,2,16:50:33:965,560
1,0,953.96484,471.84723,2,953.3551,410.8338,2,952.5382,358.6983,2,949.9988,273.9376,2,1016.2675,299.69308,2,1052.2975,393.52615,2,1062.629,476.78143,2,890.9765,304.0226,2,861.4466,385.23138,2,853.8619,465.58072,2,985.4482,470.14697,2,1017.495,598.0363,2,1005.4674,635.6743,2,925.34375,473.3745,2,933.0111,587.0138,2,944.29443,660.38464,2,948.38477,241.02625,2,16:50:34:299,570
1,0,949.32263,479.1843,2,944.53455,418.94055,2,940.26227,366.33435,2,933.79486,279.10318,2,1003.48517,306.15668,2,1044.5867,400.10483,2,1048.4008,487.85297,2,875.01917,311.7619,2,850.06036,400.3285,2,835.2905,482.4952,2,981.9654,476.17477,2,984.90985,617.0252,2,977.6281,717.8679,2,919.827,481.88556,2,933.2047,588.1624,2,943.8322,666.32166,2,930.28314,245.36414,2,16:50:34:630,580
1,0,932.4991,497.37744,2,933.9429,435.5652,2,935.4671,381.69403,2,935.1105,292.19583,2,1006.68384,317.69818,2,1046.2906,406.71432,2,1054.7102,494.5702,2,868.88403,318.40686,2,831.63293,405.30664,2,814.8354,491.3167,2,966.12756,499.78848,2,953.15247,634.6728,2,941.51166,733.9591,2,902.2826,495.1976,2,917.7514,609.9951,2,931.9958,693.9937,1,934.512,257.51013,2,16:50:34:970,590
1,0,917.9875,508.47815,2,922.2305,444.32755,2,925.1193,387.15466,2,934.2693,294.3375,2,1001.0449,320.6624,2,1014.3506,422.2414,2,1032.632,509.15344,2,864.6831,315.65375,2,818.9824,420.119,2,797.29065,512.2969,2,952.85614,509.09424,2,949.0681,641.07367,2,936.6991,729.9571,2,886.16846,507.90427,2,872.0058,653.9502,2,872.22614,691.5292,2,939.37823,258.42184,2,16:50:35:299,600
1,0,894.1952,519.4016,2,897.87476,453.9762,2,898.9037,395.5331,2,900.1371,300.77557,2,967.1901,317.14584,2,986.4482,413.79205,2,1010.5193,496.28842,2,833.8948,334.00836,2,798.8207,448.78455,2,793.6776,547.97284,2,928.84937,517.66534,2,934.4784,645.6121,2,927.9055,729.86,2,862.22156,520.9941,2,827.5734,671.95996,2,790.5082,749.03546,2,902.67004,263.9524,2,16:50:35:637,610
1,0,831.32855,544.93243,2,826.00604,476.52393,2,821.0162,417.7384,2,809.12427,322.9833,2,888.0861,327.75665,2,930.3006,424.2918,2,963.10175,502.28662,2,735.51874,342.29504,2,710.81006,456.46487,2,696.1216,555.43756,2,867.7552,540.68567,2,909.5871,663.12506,2,924.38135,729.3928,2,797.77216,548.8395,2,773.474,684.92017,2,757.73865,770.2355,2,804.9237,286.21793,2,16:50:35:969,620
1,0,776.05963,530.3756,2,753.9746,468.76157,2,734.3408,414.44366,2,698.0897,321.5356,2,789.15295,330.373,2,856.6465,414.10107,2,864.9451,503.17062,2,635.9519,376.64417,2,594.0292,488.86536,2,572.9254,593.23975,2,811.2936,516.9554,2,868.36194,640.54047,2,905.125,732.8353,2,743.5602,542.7331,2,744.80304,680.84424,2,751.67883,777.32007,2,683.5476,285.4807,2,16:50:36:303,630
1,0,758.52783,527.68134,2,727.0124,472.70343,2,699.41077,424.28973,2,644.6537,336.0263,2,737.60095,333.23904,2,810.6957,397.46063,2,865.1243,477.1409,2,595.56366,405.6704,2,544.69135,521.43335,2,516.08673,625.1053,2,789.344,507.12216,2,840.55865,622.81354,2,859.2276,697.1107,2,729.9858,546.6867,2,741.36426,683.1307,2,752.4773,780.7739,2,623.41437,301.17523,2,16:50:36:630,640
1,0,750.2324,531.9191,2,724.8828,479.4003,2,699.1891,429.6747,2,652.13605,342.16806,2,740.172,331.21698,2,799.09424,383.7445,2,851.3752,458.64688,2,602.83203,412.93155,2,542.18176,527.64935,2,502.70227,628.097,2,781.5385,512.4772,2,819.0763,618.9942,2,843.1002,695.9143,2,721.1703,549.9349,2,735.84375,686.66595,2,750.4665,782.11414,2,634.7367,307.73242,2,16:50:36:969,650
1,0,748.8096,532.73376,2,723.0582,479.76736,2,697.82544,430.63394,2,648.1931,345.36957,2,737.7869,338.01447,2,796.26874,392.5883,2,851.3701,466.03015,2,602.55914,419.17828,2,540.8898,535.87164,2,501.12787,638.48816,2,779.47217,512.57104,2,818.9535,619.06226,2,842.9728,696.17664,2,720.28894,551.45374,2,735.94244,686.834,2,749.118,781.63855,2,629.94836,311.75632,2,16:50:37:300,660
1,0,748.3594,535.6678,2,720.839,483.10944,2,694.0309,434.39246,2,642.48474,347.9073,2,732.3561,340.05298,2,795.8032,396.0782,2,850.0078,472.39673,2,595.23395,419.35553,2,539.5771,537.23315,2,502.58026,637.44275,2,778.7649,515.1108,2,819.2114,619.672,2,843.66125,695.2026,2,720.1077,554.7341,2,735.7851,687.6148,2,749.5032,781.19836,2,623.20325,313.73914,2,16:50:37:636,670
1,0,746.0415,538.99066,2,719.7315,487.11996,2,692.31775,436.95804,2,649.0579,356.38312,2,734.7777,344.91962,2,796.2446,397.67828,2,850.5467,474.8423,2,596.08154,424.91855,2,539.25104,540.75104,2,504.86652,643.54553,2,777.68964,519.39685,2,818.9935,623.1392,2,843.95496,696.92834,2,716.6908,557.1309,2,735.41125,693.157,2,749.64545,781.2904,2,633.5386,325.25897,2,16:50:37:968,680
1,0,742.8275,539.4874,2,717.33344,486.33182,2,691.052,435.38474,2,649.78467,352.7027,2,736.6725,346.11777,2,796.1903,400.91302,2,850.0253,480.2763,2,598.616,423.79144,2,537.04834,535.85583,2,502.37613,638.9384,2,775.04395,520.36945,2,815.63635,625.4589,2,840.3437,700.7279,2,712.917,557.2071,2,732.91534,692.2696,2,749.93884,781.9249,2,635.13794,320.69583,2,16:50:38:303,690
1,0,743.96375,538.58954,2,724.46344,479.01953,2,704.31165,423.89532,2,678.0918,332.2531,2,760.0111,339.1532,2,802.83215,410.0977,2,850.13916,492.55594,2,618.20056,396.41156,2,555.45776,509.1798,2,509.58292,602.264,2,777.3524,522.3437,2,814.5302,629.3144,2,825.414,705.3427,2,712.7602,553.74805,2,732.6271,688.61456,2,745.50183,779.926,2,669.83887,296.6272,2,16:50:38:630,700
1,0,765.0894,527.61346,2,755.75635,460.91818,2,744.3184,401.81964,2,725.46356,305.243,2,795.4596,315.35352,2,822.76154,396.6268,2,855.4254,481.85754,2,669.2122,362.1886,2,620.0254,481.05154,2,612.9341,586.02576,2,795.7284,514.59503,2,816.6804,629.2977,2,818.986,716.4055,2,736.0255,539.94305,2,744.3445,678.97284,2,743.98566,778.5807,2,721.387,267.17575,2,16:50:38:967,710
1,0,803.72644,509.76578,2,799.2357,446.48297,2,790.8013,390.61172,2,777.66626,299.57172,2,828.4917,309.91104,2,848.0191,382.4311,2,884.97,457.18484,2,736.6544,359.7844,2,722.721,479.19733,2,742.8362,570.4451,2,827.4294,496.4951,2,830.8193,618.96497,2,818.8468,716.8029,2,781.1518,522.3853,2,774.07983,670.3298,2,747.1105,776.18933,2,777.14,263.55664,2,16:50:39:297,720
1,0,822.24536,504.19955,2,821.2138,437.33545,2,817.67224,380.01956,2,813.33246,286.07733,2,859.7762,320.75732,2,870.78406,420.1184,1,909.4204,496.97272,1,770.586,326.48303,2,740.8802,446.0318,2,762.7219,542.913,2,844.61224,494.65594,2,835.1945,618.6654,2,816.9575,719.67975,2,800.83966,513.31964,2,798.5171,660.6322,2,748.2141,774.41675,2,816.18726,249.45981,2,16:50:39:634,730
1,0,828.2262,502.55072,2,826.1651,437.06863,2,826.08545,382.31128,2,834.2808,291.49353,2,879.71063,317.70755,2,897.2894,424.00803,2,889.07635,493.1757,2,780.5892,311.4599,2,698.0012,404.8632,2,755.752,493.9279,2,858.0608,496.0666,2,944.5786,615.786,1,924.10785,745.3922,1,800.1448,508.63922,2,825.6384,657.4718,2,756.50635,768.02637,2,841.2667,256.79312,2,16:50:39:967,740
1,0,826.77026,492.60907,2,828.38525,428.9812,2,832.0246,375.27646,2,842.867,284.32062,2,885.6519,324.42157,2,907.7321,408.83084,1,952.5908,475.5521,1,793.78735,307.81445,2,702.82404,392.91595,2,751.6534,488.325,2,847.4408,482.25705,2,872.84674,618.24866,1,843.51294,730.4567,1,807.0237,502.4838,2,821.0847,653.0149,2,757.31573,764.51514,2,851.3838,249.73587,2,16:50:40:299,750
1,0,830.96545,490.6753,2,834.9367,424.87958,2,839.9172,369.46326,2,844.2808,277.6385,2,868.9115,318.2354,1,873.3581,403.2552,1,921.1444,469.62405,1,811.1607,306.49808,2,738.65076,405.4605,2,793.3742,494.47543,2,843.3993,480.86688,2,847.5846,610.42126,2,811.80347,716.8743,2,818.99,500.11273,2,832.2725,648.7932,2,762.15137,756.90765,2,851.07544,242.53287,2,16:50:40:631,760
1,0,832.3274,488.5128,2,838.8142,423.80542,2,844.6844,368.94574,2,849.63885,277.4308,2,877.5826,307.89368,2,887.835,384.66327,1,941.12317,445.5983,1,815.5612,314.41284,2,758.6339,423.4439,2,817.7066,500.58545,2,846.90063,478.8903,2,835.75867,607.555,2,816.01263,714.13617,2,818.3137,497.7555,2,870.31885,638.3394,2,856.16644,745.9118,2,856.5911,242.29135,2,16:50:40:965,770
1,0,862.3847,497.25107,2,867.9215,429.97574,2,870.3807,372.6255,2,869.79114,280.12347,2,897.6178,294.98956,2,956.9017,377.50696,2,1016.27313,438.03143,1,838.8937,334.44873,2,819.8058,458.4162,2,872.61615,535.4966,2,873.16144,487.12503,2,846.4934,611.0764,2,814.6298,711.6784,2,851.9866,507.0135,2,891.6405,635.76086,2,907.8134,741.07263,2,874.927,243.85373,2,16:50:41:305,780
1,0,893.75635,499.86728,2,901.0506,434.79572,2,901.4328,377.59122,2,896.8206,284.51102,2,937.67615,294.32452,2,992.94354,379.1015,2,1027.1792,447.81305,1,863.4154,337.11038,2,833.58655,463.54114,2,886.7595,531.62836,2,908.9237,487.66156,2,887.4096,609.0396,2,833.8249,698.48376,2,879.1987,511.5724,2,912.0344,641.63837,2,911.906,741.6802,2,900.15,247.6766,2,16:50:41:635,790
1,0,920.2865,509.23572,2,927.18304,442.48273,2,929.84924,384.26562,2,924.63007,287.89905,2,955.2248,304.52216,2,985.075,367.0097,1,1051.3451,424.3689,1,903.9867,345.85013,2,856.9658,472.19794,2,896.0102,532.79865,2,933.6139,495.59692,2,916.0113,606.6117,2,857.4183,686.18677,2,907.4703,522.34375,2,928.07605,649.60205,2,915.1871,742.9504,2,928.3712,249.36346,2,16:50:41:972,800
1,0,930.2366,512.20807,2,938.26135,445.8009,2,936.95294,387.21896,2,938.3995,291.69498,2,968.5978,309.15488,2,996.8427,386.7563,2,1047.6595,453.17337,1,914.70465,348.08325,2,853.9139,468.88898,2,911.81177,534.09015,2,942.12415,498.1496,2,922.4731,611.89935,2,862.89215,696.88135,2,918.80035,525.7265,2,930.88855,649.2817,2,919.04156,742.2949,2,944.7687,253.89807,2,16:50:42:300,810
1,0,921.7769,505.36118,2,931.4348,441.15558,2,937.1246,384.96643,2,948.21265,294.13947,2,965.9358,300.11157,2,981.09814,355.42047,1,1045.9191,413.18036,1,930.9497,355.14404,2,883.2538,481.207,2,925.6351,548.51117,2,931.39264,490.06732,2,923.61664,611.0112,2,863.1088,700.4552,2,912.5364,520.0497,2,937.0142,652.6639,2,918.59814,742.7204,2,958.79504,258.41116,2,16:50:42:635,820
1,0,925.7982,502.5674,2,936.77246,439.6425,2,943.5921,384.35577,2,954.2427,293.24414,2,971.57806,300.87323,2,979.7482,357.4933,1,1037.1893,422.16974,1,934.45526,354.7434,2,894.1938,481.92426,2,931.98816,548.68726,2,936.4406,487.29437,2,941.1172,615.37915,2,870.8524,700.5641,2,915.58716,517.2129,2,932.8929,648.29956,2,915.0438,742.66534,2,964.60425,257.40076,2,16:50:42:965,830
1,0,935.7404,501.47586,2,945.9326,438.65366,2,947.96545,382.78265,2,957.059,291.68967,2,976.3632,303.35788,2,985.3578,361.4581,1,1042.376,424.26926,1,934.48895,347.20386,2,863.81885,456.92715,2,913.68915,525.3857,2,948.44543,487.68222,2,955.867,586.1394,2,927.24585,661.5364,2,923.56934,514.68317,2,924.7151,639.7808,2,915.7442,738.3094,2,966.48254,256.0416,2,16:50:43:304,840
1,0,940.94385,479.37833,2,950.9168,419.15942,2,957.98517,366.9624,2,964.2846,278.8842,2,977.8125,292.94333,2,988.5033,358.07648,1,1046.2598,413.57666,1,949.0982,328.3106,2,911.3279,445.47256,2,955.59174,514.63837,2,948.6167,465.87762,2,960.5561,577.6745,2,941.9102,671.195,2,933.60724,492.28113,2,936.4155,626.8747,2,915.75134,735.9235,2,972.3697,244.34341,2,16:50:43:634,850
1,0,961.74695,465.22333,2,964.9601,408.10336,2,964.7063,358.22668,2,972.7682,272.25647,2,995.9726,292.21204,2,1017.8773,371.10126,2,1043.9663,399.6764,2,949.0567,306.167,2,873.96826,394.4057,2,940.32245,459.99,2,971.5913,450.8382,2,989.0046,570.8043,1,960.49274,667.1789,1,952.4019,478.87305,2,951.31396,614.6564,2,926.687,729.51276,2,980.90314,239.04285,2,16:50:43:971,860
1,0,960.29047,466.0931,2,963.58215,406.08316,2,963.5069,354.63733,2,971.22656,270.03375,2,994.1113,294.88293,2,1000.7162,377.51398,2,1038.0366,420.6273,2,947.1398,307.3187,2,908.58966,415.53638,2,963.3288,489.7896,2,970.1842,455.49762,2,962.4961,572.19116,2,944.42163,669.0952,2,950.8603,476.188,2,964.3566,609.26764,2,938.1107,719.8218,2,979.09814,237.44522,2,16:50:44:300,870
1,0,953.98145,464.065,2,959.1197,403.854,2,964.325,352.51666,2,973.2164,266.8967,2,967.9734,295.06024,2,963.0334,383.47018,2,1008.67004,441.4129,2,973.965,310.8856,2,946.69464,423.8146,2,990.0123,499.91043,2,950.0576,451.84824,2,951.8485,577.3342,2,937.469,686.33057,2,957.7282,475.7276,2,972.5864,608.9277,2,933.1189,716.2731,2,981.95465,233.88632,2,16:50:44:638,880
1,0,967.9516,463.9397,2,970.06354,402.74197,2,970.92755,350.75375,2,975.3934,264.61526,2,964.9283,294.44528,2,966.3617,382.8128,1,1018.9938,431.4144,1,985.1351,301.8797,2,973.1393,417.8958,2,1019.0246,491.81528,2,959.372,453.0896,2,955.05273,577.7333,2,940.42865,686.1484,2,976.1424,474.2936,2,987.6674,603.86395,2,942.0798,706.6664,2,982.3366,231.21658,2,16:50:44:968,890
1,0,977.7441,465.34015,2,978.96375,402.37808,2,980.261,349.2451,2,985.79865,263.1017,2,966.51355,286.13705,2,966.2279,369.4239,2,1026.3036,407.49292,1,1003.25543,303.85208,2,981.98785,418.23584,2,1025.0511,492.05557,2,964.2504,456.9766,2,961.4585,577.849,2,940.52515,683.41156,2,990.6202,473.3148,2,1018.819,600.62616,2,1000.534,707.23883,2,993.0507,229.63425,2,16:50:45:302,900
1,0,987.6243,471.62036,2,992.2023,409.13593,2,998.38165,355.8855,2,1011.27277,269.01575,2,990.1446,288.63858,2,995.31256,363.81036,1,1050.5704,404.1615,1,1028.3408,313.68976,2,1004.8958,430.08154,2,1037.7001,505.58112,2,971.4342,460.9877,2,964.6787,581.6853,2,937.9641,686.2096,2,1003.0194,481.72177,2,1029.7151,603.4107,2,1035.0876,708.16016,2,1021.46387,235.52267,2,16:50:45:640,910
1,0,1029.4872,471.667,2,1038.6283,410.88452,2,1044.9161,358.9439,2,1057.3197,274.24216,2,1038.4011,283.9922,2,1018.50104,361.14948,2,1066.6731,409.72192,1,1065.9598,327.58392,2,1044.1902,444.32233,2,1077.8547,524.02057,2,1017.4739,458.68448,2,993.95984,576.3842,2,946.43024,674.85016,2,1040.9414,484.03333,2,1060.1863,603.1001,2,1040.8527,701.45435,2,1067.6566,240.6511,2,16:50:45:969,920
1,0,1067.347,480.23645,2,1075.8418,418.12146,2,1083.4646,364.6017,2,1101.1128,276.35394,2,1080.4944,284.19272,2,1054.1399,362.45166,1,1096.7689,417.5032,1,1112.183,330.83728,2,1093.0988,453.7861,2,1136.6538,532.28046,2,1057.5211,465.47656,2,1051.5529,563.8374,2,983.4366,662.05206,2,1076.7517,494.3456,2,1076.0863,615.59186,2,1038.0292,708.6858,2,1113.9211,241.51297,2,16:50:46:308,930
1,0,1089.6294,480.03287,2,1098.3716,420.22845,2,1103.1604,368.25244,2,1118.7692,282.44733,2,1115.4758,290.2767,2,1107.9688,365.70734,1,1158.9453,420.09766,1,1115.6646,333.78113,2,1093.9613,453.73077,2,1124.6176,537.6722,2,1095.5681,465.7947,2,1114.815,564.1661,2,1072.2402,642.3305,2,1083.9791,493.59146,2,1076.9657,614.79956,2,1038.4775,705.32935,2,1130.7646,248.7013,2,16:50:46:631,940
1,0,1107.0723,482.4642,2,1119.3564,417.36768,2,1130.357,362.61905,2,1147.0481,274.3317,2,1148.811,302.67014,1,1163.0542,387.28412,1,1207.6139,449.60583,1,1134.605,323.37793,2,1099.277,439.12268,2,1103.4783,529.98627,2,1107.762,474.06958,2,1116.2206,595.6142,1,1064.1122,695.6403,1,1106.4113,490.53836,2,1084.7422,607.8057,2,1040.4143,703.6468,2,1159.2474,240.1753,2,16:50:46:969,950
1,0,1131.6199,451.46524,2,1146.4104,392.09723,2,1159.2268,341.96292,2,1176.9507,259.6106,2,1208.6123,296.66022,2,1212.6765,389.3312,2,1231.2317,464.29407,1,1139.6919,294.95682,2,1102.6105,397.87955,2,1121.5549,480.74225,2,1149.7075,447.96964,2,1139.4457,556.3847,2,1106.9918,642.4291,2,1114.6263,454.74615,2,1088.936,583.1473,2,1055.5422,688.8866,2,1188.1165,228.04022,2,16:50:47:300,960
1,0,1124.5415,442.50113,2,1145.6289,386.41022,2,1162.8427,337.87738,2,1185.7896,256.6971,2,1230.3884,298.64688,2,1232.1597,379.58185,2,1238.464,451.61917,2,1128.0188,280.22504,2,1077.4894,373.42474,2,1083.5222,455.84805,2,1151.9371,446.67084,2,1132.1401,555.4775,2,1111.2034,640.6893,2,1099.4355,438.66263,2,1068.1515,559.29425,2,1039.7438,641.6929,2,1197.3903,225.48862,2,16:50:47:635,970
1,0,1118.4291,433.4075,2,1133.9746,379.18445,2,1147.3531,332.62744,2,1167.9802,256.5965,2,1221.4681,292.61862,2,1242.9812,380.71457,2,1247.2319,458.09143,2,1106.6919,271.90298,2,1059.9418,352.7221,2,1047.528,427.68988,2,1147.0146,440.54492,2,1132.1394,551.18207,2,1115.0734,639.36646,2,1092.9138,427.01318,2,1061.0367,534.9906,2,1058.8846,577.40216,2,1176.4784,227.193,2,16:50:47:970,980
1,0,1089.5132,426.80493,2,1099.1371,372.22223,2,1108.3953,325.26782,2,1122.5685,249.29626,2,1173.3516,281.3896,2,1194.1086,376.29288,2,1191.3899,454.45538,2,1068.8329,268.61682,2,1040.3851,344.92484,2,1015.17706,412.94614,2,1117.3999,432.89816,2,1121.8444,552.1921,2,1116.0657,643.704,2,1064.8486,421.39285,2,1064.8713,519.12054,2,1071.6412,588.4264,2,1126.5286,219.54727,2,16:50:48:302,990
1,0,1067.1493,409.9846,2,1074.609,355.96902,2,1080.7383,310.357,2,1095.1282,236.0958,2,1133.2638,275.038,2,1138.8494,371.03674,2,1103.6244,441.36984,2,1052.9602,254.63882,2,1032.473,328.1153,2,1010.61127,385.36005,2,1090.7344,417.23773,2,1082.3906,541.22577,2,1090.1167,635.3722,2,1046.5631,403.63333,2,1051.5902,507.19214,2,1062.22,588.76514,2,1097.635,206.80768,2,16:50:48:638,1000
1,0,1062.0552,401.11395,2,1066.2723,348.24603,2,1069.8433,303.49512,2,1079.3972,230.13458,2,1106.0322,270.93396,2,1100.9075,366.8892,2,1071.1138,435.91498,2,1048.6578,248.39407,2,1034.3837,331.78516,2,1024.6221,375.471,2,1077.8307,409.50958,2,1024.0032,517.3816,2,1025.2158,607.62885,2,1048.4407,393.85565,2,1059.0278,498.78265,2,1074.5033,585.7655,2,1079.5499,201.37009,2,16:50:48:967,1010
1,0,1041.2367,401.84875,2,1045.0828,348.3557,2,1045.7192,303.18222,2,1047.0557,230.46918,2,1045.8506,276.30508,2,1051.2375,372.2168,2,1023.23737,440.81085,2,1036.9924,252.85141,1,1031.5493,322.68323,1,988.72833,372.54404,1,1040.9794,410.27216,2,990.6607,504.0225,2,999.2152,582.8556,2,1041.4585,394.62085,2,1043.5927,500.85492,2,1081.7545,589.76605,2,1043.1031,202.0694,2,16:50:49:303,1020
1,0,1003.7449,392.7847,2,1005.8189,342.07516,2,1005.7599,299.1498,2,1003.44275,228.96277,2,1004.0474,268.9484,2,1007.415,361.6513,2,960.70447,418.3667,2,994.0262,250.22964,1,985.4088,319.73154,1,937.3194,363.76324,1,1004.2264,402.19995,2,981.44574,503.6541,2,995.7135,581.2972,2,1003.331,384.6772,2,995.78064,485.41776,2,1053.5729,564.34845,2,998.2966,201.83832,2,16:50:49:636,1030
1,0,967.76105,385.11462,2,968.5244,334.8761,2,970.7186,292.4379,2,971.0033,223.3334,2,971.2644,259.4986,2,975.2206,350.50894,2,932.57526,408.70187,2,966.8069,241.13998,2,961.702,311.23065,1,915.0105,353.53552,1,973.2911,393.46783,2,969.46893,496.41776,2,986.69055,576.24426,2,962.9943,377.91132,2,941.2985,462.0295,2,944.73157,533.2185,2,966.9691,196.42157,2,16:50:49:969,1040
1,0,932.38654,371.6156,2,932.7875,323.40558,2,933.87244,282.68796,2,932.3746,215.71176,2,926.72003,249.84207,2,930.3723,337.20685,2,898.66425,398.5838,2,936.0815,237.6083,2,946.56635,310.16132,1,915.2894,360.5144,1,935.29987,380.19305,2,942.77,485.91113,2,981.879,568.8039,2,929.8693,364.2033,2,906.0521,454.3252,2,920.2542,533.3532,2,927.78784,189.71426,2,16:50:50:303,1050
1,0,908.28156,359.7273,2,907.4935,311.49475,2,907.3169,271.0621,2,905.1977,205.69348,2,904.3083,233.75903,2,914.45123,318.5351,2,864.8262,358.3656,2,905.9762,227.0115,2,912.94727,301.25653,2,869.6081,342.9661,1,906.74176,366.1065,2,883.0436,470.8263,2,927.30286,543.6165,2,909.60974,354.2223,2,905.8354,451.58536,2,918.817,537.1864,2,900.50616,180.43573,2,16:50:50:631,1060
1,0,881.7752,369.10706,2,881.0123,318.98944,2,880.6387,277.3326,2,879.15375,211.10321,2,893.59467,246.22308,2,895.6951,331.75427,2,882.3182,398.12418,2,862.05646,235.676,1,847.509,308.94147,1,819.00555,363.56607,1,888.8531,373.00403,2,868.1592,474.68283,2,856.32605,562.0853,2,875.66864,365.74344,2,890.0451,458.8469,2,916.8292,534.4319,2,874.93536,185.43793,2,16:50:50:968,1070
1,0,853.5573,377.79327,2,851.1037,326.9038,2,850.402,283.89014,2,852.71655,214.22171,2,875.77875,254.28891,2,881.9044,343.4131,2,863.63257,410.885,2,831.4614,233.49982,2,826.66364,308.79926,2,792.09973,363.82892,1,862.0946,385.3391,2,846.22754,489.8721,2,848.1266,574.8444,2,846.17267,371.2649,2,872.1489,463.9092,2,914.49744,531.31757,2,849.8839,186.89417,2,16:50:51:305,1080
1,0,824.09467,386.13495,2,824.47534,333.1435,2,826.1769,288.39484,2,838.4003,218.31155,2,872.5885,258.97116,2,873.21155,349.57355,2,845.0133,415.67517,2,797.922,225.1683,2,780.24097,300.9416,2,756.55963,362.29663,2,846.98236,391.1093,2,839.268,494.60226,2,841.0636,570.01807,2,803.8261,381.7187,2,790.0493,473.1348,2,836.5671,522.9206,2,840.4568,190.56647,2,16:50:51:636,1090
1,0,807.98425,393.5822,2,811.8578,341.49673,2,815.92773,297.17203,2,822.29486,225.3248,2,867.4921,261.23306,2,888.4135,349.78098,2,896.948,421.57147,2,775.2179,237.07974,2,754.34937,311.9939,2,733.9503,377.87396,2,833.7156,399.36865,2,835.4944,502.26782,2,836.04144,566.9993,2,784.8695,388.37183,2,757.1582,491.59903,2,740.29736,579.0151,2,822.8315,197.22284,2,16:50:51:976,1100
1,0,787.40796,410.81833,2,786.1869,357.325,2,785.5405,311.38678,2,782.8888,235.59781,2,836.58856,269.36795,2,867.5742,356.87985,2,878.43,430.29462,2,734.71857,256.58072,2,723.8817,335.9934,2,711.92145,402.61606,2,815.35876,413.8183,2,827.31885,513.8377,2,830.6676,566.94275,2,762.16675,408.09552,2,758.5837,525.22754,2,757.0797,626.8276,2,779.87036,206.20154,2,16:50:52:303,1110
1,0,746.6234,428.82663,2,739.19977,371.7373,2,733.9618,321.71085,2,724.94214,240.57,2,785.1398,266.94543,2,830.5032,360.21405,2,818.22766,439.2676,2,676.04565,264.4225,2,673.64154,352.32928,2,658.9732,428.3808,2,777.03284,428.69934,2,806.40375,548.0617,2,818.4839,572.1448,2,719.0686,428.92798,2,741.2638,539.9199,2,760.8783,628.6079,2,718.93665,209.00769,2,16:50:52:642,1120
1,0,724.3872,445.2258,2,713.62714,386.51886,2,705.5355,335.90552,2,697.2578,253.1131,2,755.12396,285.37622,2,789.9948,387.00128,2,771.2116,467.7916,2,649.7523,275.97412,2,650.89404,365.39908,2,637.8394,443.628,2,753.828,446.08035,2,766.6206,578.21234,2,787.6533,682.0128,2,698.04095,444.4522,2,724.8677,550.42413,2,756.1803,624.2176,2,691.0001,220.93393,2,16:50:52:966,1130
1,0,718.5282,474.8043,2,706.5598,414.56024,2,699.13934,360.59222,2,677.62054,274.9361,2,723.8395,329.22046,2,752.5165,445.17926,2,710.37274,530.851,2,639.95807,289.25815,2,662.4469,361.09808,2,649.07227,419.76276,2,749.1427,478.70816,2,746.3124,612.78986,2,745.452,724.20624,2,691.2782,471.3256,2,704.0377,607.86053,2,729.9769,650.49994,2,664.5489,242.01682,2,16:50:53:304,1140
1,0,728.8107,478.608,2,706.8955,426.00598,2,685.138,380.10767,2,649.09796,301.65237,2,668.3764,371.82153,2,671.8051,497.25488,2,613.1461,579.19244,2,650.9603,296.64734,2,643.38873,357.1908,1,573.81287,409.69293,1,733.2804,499.49994,2,733.8946,628.8591,2,752.36816,729.2679,2,724.9507,460.63876,2,719.8196,569.4581,1,787.2474,638.03723,1,628.1162,271.07227,2,16:50:53:636,1150
1,0,725.1963,495.6836,2,696.9556,443.0783,2,669.765,396.61853,2,611.7329,323.5771,2,613.9876,405.88687,2,601.6099,529.3995,2,522.58496,600.58655,2,635.23376,307.1853,2,627.8153,353.58362,1,547.24976,393.00345,1,713.2366,520.2544,2,730.9331,640.37634,2,757.23987,732.397,2,735.4393,474.57043,2,757.1553,565.9037,1,836.2764,636.32715,1,582.163,295.4183,2,16:50:53:970,1160
1,0,720.1959,499.51288,2,689.6266,448.26642,2,659.41956,402.9655,2,595.45013,330.13626,2,593.85144,414.08545,2,583.8487,537.3148,2,499.05624,604.59705,2,624.1837,312.45953,2,614.35706,349.43283,1,520.46533,374.52484,1,708.78125,525.3296,2,729.9335,642.755,2,756.17236,732.4212,2,729.9794,477.3045,2,757.0546,577.22656,2,800.2844,654.6991,2,563.6754,302.29385,2,16:50:54:296,1170
1,0,715.059,510.1751,2,684.96375,459.0722,2,655.5292,413.55566,2,592.50305,339.99854,2,582.213,422.58496,2,584.41266,544.9279,2,486.13202,598.0659,2,620.4851,325.10587,2,607.0653,354.09247,1,508.59598,370.23886,1,698.46045,536.0048,2,724.9838,648.66876,2,757.4655,734.03284,2,729.3298,487.90356,2,754.6887,580.1918,2,800.79425,656.4417,2,561.1472,311.78055,2,16:50:54:639,1180
1,0,716.2878,509.14777,2,687.41235,457.68884,2,658.2749,411.6634,2,601.6961,333.68457,2,582.0607,416.1115,2,587.325,541.7929,2,498.8977,600.5172,2,630.9652,320.44318,2,619.13196,341.0687,1,520.47705,352.76172,1,698.3769,534.7903,2,722.99023,649.1221,2,756.76184,734.83966,2,731.69794,487.0243,2,751.021,578.12537,2,800.42334,655.84296,2,572.86084,303.08417,2,16:50:54:966,1190
1,0,719.9857,503.70587,2,700.1991,445.40527,2,680.3175,394.79535,2,646.61035,309.51758,2,652.83374,384.21155,2,677.8585,509.8211,2,643.9074,594.999,2,652.7448,313.95087,2,657.7892,377.7254,1,589.5338,428.3189,1,722.5431,523.4978,2,727.51,644.6399,2,755.33514,730.97705,2,717.7874,486.8111,2,736.61,600.7942,2,805.68317,667.06616,2,626.40967,276.03394,2,16:50:55:302,1200
1,0,722.72845,497.9292,2,712.6915,433.6406,2,704.9706,377.79855,2,693.3275,284.84885,2,743.5786,332.65173,2,796.31647,444.30927,2,801.9303,538.61163,2,649.23694,304.44873,2,656.8534,384.9782,2,643.578,470.55365,2,755.50446,501.05084,2,748.04694,628.43726,2,751.0543,722.11316,2,693.484,495.14087,2,683.27136,640.58685,1,705.2073,739.50494,1,684.3911,248.63095,2,16:50:55:639,1210
1,0,769.0314,477.75647,2,757.4995,416.40753,2,749.22186,362.70685,2,734.7113,274.07016,2,802.33826,300.0558,2,856.74115,400.21075,2,843.4021,487.12448,2,682.5373,299.1053,2,672.46545,404.20575,2,700.6168,481.64993,2,800.04767,479.25592,2,769.9867,611.8259,2,753.3113,722.4011,2,741.41547,476.41312,2,777.1206,605.666,2,809.852,655.5006,2,726.46936,239.68652,2,16:50:55:971,1220
1,0,791.8379,460.04144,2,784.9398,398.72736,2,779.09143,347.03055,2,767.64026,263.25485,2,835.4167,286.60025,2,877.42053,383.32056,2,869.67017,465.51157,2,709.49854,291.80316,2,703.41614,398.3484,2,754.27795,466.24866,2,823.2097,459.55853,2,802.47626,593.3997,2,812.8487,686.7044,2,763.57025,460.4621,2,787.3429,595.7469,2,822.9646,678.3137,2,762.2681,230.69687,2,16:50:56:309,1230
1,0,807.5039,464.7058,2,804.8556,402.114,2,802.34924,349.36267,2,797.3533,263.27667,2,858.111,294.5825,2,891.6276,400.33386,2,857.7525,481.9525,2,748.1719,284.9362,2,732.9536,389.99274,2,767.5699,456.01233,2,838.2193,467.8354,2,807.7457,602.5059,2,849.2617,698.4667,2,780.0952,461.9023,2,799.95447,600.34735,2,807.35583,647.93243,2,792.68115,229.74783,2,16:50:56:636,1240
1,0,830.9199,470.00415,2,827.57043,406.77808,2,824.8373,352.7696,2,821.65,263.5358,2,831.56104,315.57996,2,872.2643,429.05923,2,828.6361,499.88306,2,812.1561,288.7634,1,804.8852,368.26083,1,751.22,424.36206,1,836.3215,482.7,2,838.32666,608.20917,2,878.81036,709.17725,2,826.32153,459.20367,2,814.4169,568.9776,2,822.84955,660.711,2,814.74896,228.15442,2,16:50:56:972,1250
1,0,850.6705,477.1518,2,848.57556,416.91754,2,849.85645,364.80896,2,838.76013,277.18918,2,854.2589,331.3822,2,918.58203,434.3983,2,872.0496,496.69196,2,825.62366,293.2072,2,812.30005,378.38452,2,765.9929,428.05865,2,856.1151,493.1814,2,857.381,615.35425,2,880.90625,709.65625,2,846.01855,463.46927,1,824.4193,579.9063,1,853.1533,675.33514,1,828.7631,242.86362,2,16:50:57:303,1260
1,0,878.684,478.3114,2,870.77795,416.8327,2,865.8426,363.46704,2,850.55084,277.4087,2,879.397,333.5216,2,932.4974,444.741,2,883.189,507.22522,2,824.1919,285.7273,2,786.09296,386.9751,2,779.4951,465.9085,2,885.6826,493.35242,2,870.5512,615.81665,2,881.5754,712.8957,2,872.7205,465.50012,2,883.81213,577.4366,2,922.5765,662.00055,2,838.9817,243.96304,2,16:50:57:644,1270
1,0,899.3115,475.3014,2,893.0089,412.55194,2,888.4596,358.83063,2,879.0534,271.59354,2,917.07886,322.48862,2,948.9449,435.9967,2,911.6109,510.72595,2,846.40894,288.2177,2,805.5495,389.10434,2,810.2473,458.92383,2,910.73267,486.6602,2,882.3598,608.8932,2,885.8728,708.6894,2,889.57996,465.62213,2,905.527,576.7058,2,949.31195,658.1376,2,870.55725,237.74219,2,16:50:57:974,1280
1,0,937.31525,463.1725,2,931.31665,403.0515,2,924.4978,352.11014,2,911.3734,268.6813,2,951.5772,307.8165,2,992.7996,412.98898,2,942.93176,481.52643,2,881.413,288.18765,2,844.67126,385.47144,2,855.59863,444.5829,2,943.64813,474.58502,2,901.0887,598.2144,2,893.99725,705.69653,2,931.9231,453.45358,2,942.6761,569.7819,2,961.18475,666.0785,2,901.7156,236.75925,2,16:50:58:308,1290
1,0,956.76904,462.98438,2,948.5095,402.07477,2,941.07996,350.507,2,934.3366,265.0021,2,977.56213,298.8706,2,1006.2315,407.96667,2,962.8093,480.27316,2,895.56354,286.62802,2,861.4653,385.2714,2,899.0077,429.8314,2,972.2171,470.96777,2,937.8566,602.0016,2,938.4967,709.49646,2,943.57764,456.16168,2,953.7638,575.12305,2,970.89685,673.19116,2,927.6842,231.98892,2,16:50:58:641,1300
1,0,950.90454,468.91037,2,949.8143,407.16394,2,948.0021,355.0869,2,940.6328,269.42734,2,985.85,304.11197,2,999.9077,416.30865,2,959.61743,490.9706,2,897.32007,295.0345,2,870.8127,396.36902,2,907.926,451.45874,2,975.428,475.78836,2,960.113,615.1588,2,967.66626,727.16626,2,929.6617,462.94135,2,927.67316,600.9695,2,964.9058,699.0295,1,934.16235,236.3942,2,16:50:58:974,1310
1,0,953.71106,491.61063,2,952.394,428.55377,2,952.6082,374.29083,2,956.2792,284.78238,2,1007.63763,328.16394,2,1021.1674,443.25098,2,992.4422,525.6941,2,902.38104,305.13074,2,876.7233,413.34607,2,915.71924,481.9232,2,980.6553,499.4943,2,970.1501,638.00635,2,974.45,735.2121,2,930.339,484.7622,2,932.0992,592.0155,2,943.559,669.42206,1,954.60223,249.7934,2,16:50:59:305,1320
1,0,960.9025,502.0562,2,958.6339,440.15582,2,960.6374,383.83398,2,965.56476,292.6177,2,1022.7619,345.661,2,1046.0667,464.77005,2,1016.30817,552.6139,2,907.1808,307.2226,2,885.1998,423.89508,2,910.747,510.40762,2,992.248,509.99475,2,972.38245,647.18225,2,974.1411,735.5723,2,933.4818,495.10013,2,902.7129,609.1692,2,941.0634,670.8407,2,964.4157,257.03577,2,16:50:59:639,1330
1,0,952.30255,511.83417,2,948.2953,449.77756,2,946.08044,394.7854,2,941.8419,300.14938,2,1006.0329,345.68744,2,1062.9199,454.02075,2,997.9905,531.4062,2,885.88855,326.38602,2,867.9131,440.14752,2,902.69244,520.337,2,983.5443,520.3109,2,961.76746,653.8707,2,973.6585,733.5589,2,925.03394,504.42688,2,884.2609,616.35004,2,889.0293,707.72156,2,936.9022,263.41644,2,16:50:59:978,1340
1,0,881.6208,521.7639,2,875.3447,457.32617,2,874.7118,400.20416,2,872.07434,305.35876,2,926.6973,353.36084,2,990.27277,462.44864,2,919.58856,536.50195,2,825.2674,324.69354,2,802.0237,433.52057,2,814.62683,513.0733,2,905.3323,533.6195,2,922.9148,659.01733,2,970.8145,734.9398,2,861.198,511.55426,2,851.5589,630.51874,2,853.58575,727.3707,2,866.6466,268.25815,2,16:51:00:308,1350
1,0,824.052,517.82825,2,817.7258,452.42,2,811.62573,396.33566,2,794.28015,302.1867,2,843.82605,350.39127,2,862.4051,478.3286,2,801.72266,563.96484,2,760.75854,323.07782,2,760.05396,418.48566,2,726.8873,500.08768,2,852.82184,526.37134,2,814.1394,676.91,2,890.2609,742.14984,2,798.9281,510.36917,2,786.86237,666.0614,2,857.5023,719.3758,2,782.24866,265.7795,2,16:51:00:646,1360
1,0,799.9189,526.2892,2,782.6863,462.2101,2,764.52466,407.24786,2,724.3702,317.9228,2,753.30334,378.66217,2,737.4009,513.85535,2,657.87537,591.32245,2,717.8356,330.26068,2,704.20776,421.09204,1,652.3767,496.7466,1,808.2719,543.73663,2,774.22943,688.03424,2,787.62164,799.7564,2,792.8225,511.48767,1,766.99255,637.44934,1,838.3395,719.317,1,701.8208,283.906,2,16:51:00:974,1370
1,0,777.1508,547.675,2,753.04205,483.74567,2,723.7729,428.33826,2,661.1658,344.93924,2,647.6694,439.8249,2,599.9033,567.28265,2,538.2772,654.4336,2,691.74316,332.6695,2,687.5774,389.1847,1,612.22327,433.82788,1,764.4076,572.91284,2,766.6629,707.82544,2,792.6189,808.27264,2,787.90564,526.32294,2,807.34357,642.1644,2,846.6719,735.188,2,629.21875,312.01404,2,16:51:01:303,1380
1,0,772.8035,557.9672,2,739.6975,497.8132,2,707.1825,445.16742,2,623.29395,372.69434,2,616.15424,465.4787,2,556.2012,582.5978,2,487.11386,655.9749,2,661.4016,357.9696,2,647.86694,417.48532,1,569.58923,469.70575,1,759.1511,585.0167,2,761.02185,710.83167,2,793.7329,804.2954,2,784.3612,535.00903,2,803.69604,645.9419,2,836.7376,735.07874,2,584.43616,346.23654,2,16:51:01:638,1390
1,0,775.3849,561.9987,2,735.4504,505.80066,2,696.1239,456.7862,2,601.1811,395.8823,2,599.33154,491.10947,2,547.18353,601.9547,2,486.09628,628.25934,2,652.10596,358.61462,2,755.0107,397.7125,2,724.60864,468.42987,1,760.60724,591.1362,2,756.02686,715.22656,2,791.1537,808.3895,2,787.9527,537.15173,2,802.1244,646.9806,2,835.1532,734.5305,2,559.2558,373.54974,2,16:51:01:974,1400
1,0,773.8053,561.9149,2,734.8049,505.27094,2,698.2139,455.23758,2,611.6118,383.96252,2,600.1333,479.19644,2,547.29816,590.4032,2,487.08142,638.42834,2,663.7855,355.86584,2,724.455,422.46957,2,649.7864,488.36346,2,756.1659,591.13245,2,753.19,716.004,2,790.8242,808.67725,2,788.8472,536.94,2,797.9608,646.24677,2,834.8887,735.1648,2,572.6521,356.88437,2,16:51:02:303,1410
1,0,769.8773,564.9943,2,748.09814,498.8838,2,726.7282,440.70227,2,667.2932,349.6278,2,637.03894,437.568,2,638.57666,581.4401,2,574.85474,641.5843,2,707.7722,343.07666,2,712.72076,388.02692,1,620.5479,420.07953,1,748.56604,589.2057,2,761.06836,715.4406,2,796.04517,809.49884,2,787.8941,544.49274,2,791.3822,651.3292,2,840.9577,748.3782,2,637.3327,314.19238,2,16:51:02:641,1420
1,0,789.11646,556.05725,2,775.0003,484.1154,2,764.4254,422.37256,2,739.8444,325.0824,2,763.6904,395.9262,2,815.6253,522.8647,2,793.5762,617.9906,2,719.4284,345.02905,2,747.57776,432.73816,2,705.35364,503.35236,2,802.9261,568.36505,2,787.0393,704.3368,2,798.5861,801.8981,2,777.44,545.65985,2,806.18774,651.8952,2,854.74945,712.264,2,723.48694,287.2242,2,16:51:02:974,1430
1,0,815.91785,525.8607,2,811.5962,459.64355,2,810.2989,401.79578,2,807.12463,307.73846,2,868.0775,357.9153,2,915.0515,469.84503,2,929.3638,565.1993,2,756.1217,326.8152,2,750.1039,420.0406,2,756.4045,508.37503,2,847.72266,532.4124,2,817.0366,674.3059,2,796.2627,793.13226,2,787.87756,520.0857,2,815.9468,661.94464,2,857.2572,708.47577,2,802.239,271.05295,2,16:51:03:310,1440
1,0,850.2823,508.66122,2,847.85016,442.39194,2,847.09283,385.31415,2,844.2045,292.0563,2,910.1622,329.93298,2,966.69415,425.8755,2,971.05896,517.48175,2,787.3651,320.26978,2,773.6392,417.85742,2,757.25616,505.0188,2,882.30505,514.1339,2,865.3274,664.16943,2,877.5891,765.35657,2,822.0063,503.82434,2,832.6308,625.7978,2,850.2771,716.6907,2,840.24695,255.68506,2,16:51:03:643,1450
1,0,895.22864,501.82776,2,895.5797,437.503,2,896.71655,382.03052,2,897.03455,290.49698,2,964.9732,323.70416,2,1030.4613,406.15436,2,1017.18756,497.67032,2,835.112,317.94592,2,819.261,429.65884,2,845.2189,514.96735,2,927.5457,507.48007,2,943.3627,647.67554,2,984.7067,708.2821,2,866.6099,496.8137,2,856.1044,618.8611,2,857.04395,715.3238,2,895.2456,254.83966,2,16:51:03:974,1460
1,0,958.2007,495.35327,2,962.2732,432.91354,2,966.572,378.66626,2,972.1439,288.6843,2,1039.4464,329.601,2,1100.9164,406.87366,2,1074.5403,495.56647,2,905.3635,311.528,2,878.975,425.2293,2,943.9474,488.50092,2,989.56274,503.6702,2,982.9033,632.45416,2,991.7576,708.4915,2,930.59686,488.02,2,894.81177,606.00323,2,872.3253,702.25665,2,973.0588,253.79358,2,16:51:04:310,1470
1,0,989.2289,483.51834,2,997.1863,423.42322,2,1003.90735,371.24197,2,1013.75946,280.0637,2,1077.3413,330.5318,2,1132.3137,420.68524,2,1078.3894,497.78513,2,945.58466,303.03754,2,920.2703,419.93524,2,999.7543,471.8424,2,1020.59174,494.33527,2,998.6014,626.3964,2,996.3949,708.87915,2,961.60016,473.97012,2,918.1366,591.00525,2,914.87286,679.5354,2,1016.0446,244.58582,2,16:51:04:642,1480
1,0,1002.5076,485.60535,2,1006.47437,424.5149,2,1009.672,371.66812,2,1015.4824,279.20227,2,1080.42,322.62988,2,1158.3334,398.14355,2,1106.5591,481.26834,2,949.5583,303.52655,2,932.06464,420.90598,2,1016.9198,458.9796,2,1034.0933,494.55945,2,1001.8407,623.69165,2,996.99,707.6625,2,974.79285,477.73016,2,948.18585,589.50604,2,970.174,671.4571,2,1016.1107,243.18451,2,16:51:04:981,1490
1,0,999.86523,483.79114,2,1005.6812,422.1623,2,1009.4154,369.47696,2,1012.8683,276.75534,2,1075.7627,315.93585,2,1159.8505,393.44543,2,1109.1737,476.0406,2,950.20953,303.38947,2,933.0971,418.6684,2,1003.9083,468.82703,2,1028.4036,495.3672,2,1000.9353,620.9876,2,999.42285,707.54156,2,975.0188,473.6952,2,951.2885,585.1296,2,968.28125,670.8758,2,1012.12823,240.5925,2,16:51:05:310,1500
1,0,996.968,484.96454,2,1002.65497,425.40225,2,1008.0257,373.66025,2,1012.4148,285.0723,2,1075.0399,319.85385,2,1166.7572,380.60876,2,1112.589,461.7687,2,949.20874,305.28854,2,919.95386,414.50842,2,982.6766,470.42014,2,1025.249,496.0969,2,1001.35876,622.7634,2,999.6192,707.4746,2,972.27704,475.22885,2,951.192,586.1426,2,966.91846,670.42004,2,1012.22266,250.7268,2,16:51:05:642,1510
1,0,1002.8481,487.65094,2,1006.5381,427.78406,2,1010.92456,375.39392,2,1012.87634,287.84326,2,1076.6763,323.75394,2,1167.0234,377.1949,2,1104.7493,452.04385,2,951.7038,305.78003,2,918.8792,412.42615,2,976.46783,470.72577,2,1031.3635,498.05725,2,1000.6098,625.0651,2,999.6654,707.63434,2,977.99164,478.5639,2,950.9958,589.3531,2,966.9245,672.5908,2,1011.5011,254.06107,2,16:51:05:974,1520
1,0,1006.02386,485.63486,2,1006.42,425.93048,2,1008.83655,373.01468,2,1011.77936,285.68216,2,1073.9342,325.09482,2,1139.5864,410.54144,2,1076.3518,479.77924,2,952.0453,307.78656,2,929.5781,418.263,2,980.94275,481.10168,2,1035.8408,493.5872,2,1007.6085,616.0384,2,999.77216,707.3726,2,979.9766,478.6718,2,950.9842,587.0654,2,964.5055,670.8713,2,1010.6976,251.92212,2,16:51:06:311,1530
1,0,1006.9651,486.26736,2,1007.8851,426.6261,2,1010.566,373.7953,2,1013.90594,287.03766,2,1075.4318,328.83636,2,1136.0677,418.57922,2,1072.4277,485.60532,2,955.1861,309.8144,2,929.38,419.39618,2,979.7569,480.39456,2,1037.1298,494.13965,2,1005.6203,617.69946,2,1000.2447,707.6009,2,980.5807,479.3653,2,950.7158,587.6283,2,966.0139,672.17346,2,1012.85114,253.52853,2,16:51:06:641,1540
1,0,1005.3679,485.94458,2,1007.0897,425.0335,2,1010.0166,371.6723,2,1015.45264,283.50385,2,1072.5242,331.00067,2,1129.6173,426.69397,2,1075.6559,502.52615,2,956.3617,301.8301,2,928.76526,412.63666,2,979.0,475.7945,2,1034.6436,494.96024,2,1005.362,620.66614,2,1000.54803,707.4516,2,979.85846,478.0725,2,950.5271,586.96094,2,967.8542,671.33514,2,1014.96747,249.26648,2,16:51:06:981,1550
1,0,998.856,489.43338,2,1001.4733,428.2655,2,1006.41364,374.03076,2,1013.7363,284.31555,2,1071.2194,331.66235,2,1103.5066,440.7344,2,1056.5095,510.2001,2,954.4768,302.0489,2,927.8569,413.64096,2,979.8463,477.29572,2,1028.1787,499.2574,2,1003.0571,622.4987,2,999.6134,708.29266,2,973.3012,480.85596,2,951.6306,589.18475,2,967.99036,672.37683,2,1013.89856,249.31671,2,16:51:07:304,1560
1,0,999.0617,490.32227,2,1000.2648,430.01285,2,1004.4874,376.07736,2,1009.4773,287.15738,2,1068.1672,331.8596,2,1117.3364,432.83224,2,1072.7546,510.19226,2,951.72974,303.52463,2,924.968,414.04086,2,973.23773,478.04303,2,1028.3115,499.843,2,1001.8568,622.116,2,999.2689,708.05634,2,973.57056,482.00967,2,951.0784,589.4324,2,967.3471,672.28467,2,1008.64166,252.58728,2,16:51:07:639,1570
1,0,998.23584,492.70956,2,999.7929,431.3994,2,1003.81195,377.0152,2,1009.1402,287.92163,2,1069.107,332.7364,2,1121.2065,430.425,2,1058.1044,499.04434,2,950.82587,306.90387,2,925.19055,417.3909,2,972.3623,484.67865,2,1028.1107,501.6255,2,998.5099,625.0485,2,999.2363,707.4231,2,972.1779,484.91788,2,951.1229,591.29785,2,967.542,672.5834,2,1008.51874,253.2814,2,16:51:07:975,1580
1,0,996.2425,491.44153,2,997.4908,431.40314,2,1002.97565,377.20087,2,1008.4733,289.28537,2,1067.8094,336.40128,2,1098.2681,446.0418,2,1044.4144,520.0602,2,951.1495,302.7533,2,921.5966,412.03723,2,964.5406,480.6784,2,1025.2771,501.1666,2,997.8085,623.61365,2,999.30865,706.9485,2,970.9388,482.95123,2,949.93445,591.3171,2,965.07855,671.9532,2,1007.7869,255.13489,2,16:51:08:313,1590
1,0,995.95465,490.17368,2,996.493,430.0535,2,1001.0217,375.74954,2,1008.3673,287.40176,2,1067.5231,335.96307,2,1102.9657,441.04126,2,1045.2863,511.44986,2,951.0162,298.3014,2,911.30145,403.38126,2,957.23663,470.0401,2,1025.3878,499.43237,2,998.0451,625.63654,2,999.4366,706.8488,2,970.28955,482.08508,2,950.188,591.1685,2,965.6178,671.8145,2,1008.3909,252.98312,2,16:51:08:641,1600
1,0,995.63727,494.37723,2,996.28613,434.43112,2,1000.93646,380.07776,2,1009.0905,292.02045,2,1071.8888,335.71075,2,1136.1621,427.7082,2,1081.7565,507.66092,2,950.64105,300.26834,2,903.2807,399.0802,2,941.03796,472.09055,2,1025.6288,503.3321,2,998.02496,627.7315,2,999.6632,708.59656,2,969.4453,486.5423,2,949.3804,594.48645,2,967.5199,673.4939,2,1009.68994,257.76926,2,16:51:08:976,1610
1,0,991.0839,494.8836,2,992.226,434.40115,2,998.0922,379.94043,2,1008.5473,291.6854,2,1068.0608,339.70288,2,1117.2556,437.0591,2,1084.0636,525.02295,2,950.6697,299.34888,2,915.24744,405.63794,2,934.4066,491.06284,2,1019.0851,505.56494,2,997.63806,628.2332,2,1000.17017,708.8944,2,966.75385,485.58917,2,944.596,593.46484,2,966.6927,673.6409,2,1009.8296,257.20764,2,16:51:09:315,1620
1,0,991.638,504.8797,2,992.96826,442.76767,2,997.31177,387.91623,2,1008.3295,300.4112,2,1063.4904,352.93622,2,1100.6385,454.9478,2,1074.4087,542.9298,2,950.6024,309.59558,2,918.6576,411.8355,2,922.12665,499.55405,2,1021.1251,513.8395,2,997.5695,635.21924,2,1000.19214,709.4693,2,965.9689,497.0683,2,944.497,597.26953,2,968.20746,674.8579,2,1009.72266,266.23126,2,16:51:09:646,1630
1,0,993.7472,501.71365,2,994.32465,441.92645,2,997.298,388.75665,2,1005.6897,299.70193,2,1055.513,356.9218,2,1092.2664,463.49295,2,1064.6824,548.1686,2,953.1246,312.56726,2,922.8355,387.1068,2,897.53735,466.28842,2,1020.7861,513.84705,2,1000.6731,631.23456,2,1001.09735,712.12305,2,970.3168,491.18692,2,943.6875,592.9854,2,967.92224,675.24524,2,1005.1385,264.74954,2,16:51:09:976,1640
1,0,988.6968,499.65527,2,988.38525,438.2907,2,990.61426,384.6544,2,990.13995,295.16516,2,1022.66504,357.14075,2,1050.0256,474.04865,2,1009.15314,550.3712,2,956.3526,312.4973,2,960.6147,375.7544,2,935.0481,446.53046,2,1005.8916,514.9897,2,997.633,629.611,2,1004.845,715.4894,2,974.0077,486.5466,2,950.4752,578.8658,2,972.13745,666.23645,2,984.7258,260.00543,2,16:51:10:309,1650
1,0,971.7782,477.54254,2,973.15173,416.8877,2,975.67633,364.88458,2,975.244,278.16342,2,963.3795,333.9152,2,980.3753,450.34378,2,949.2697,527.63477,2,981.3956,295.29062,2,982.2534,377.50537,1,929.5202,427.2222,1,970.64703,492.15155,2,983.8859,616.6221,2,1004.4855,716.8156,2,972.74066,465.1159,2,954.7885,578.5457,1,981.92206,676.2215,1,969.5449,243.6077,2,16:51:10:645,1660
1,0,959.7306,449.99774,2,964.8351,390.7857,2,969.77686,340.2071,2,969.0742,251.97226,2,913.91003,296.28815,2,900.70685,408.96997,2,880.83496,476.86768,2,1015.55505,283.41724,2,1014.64716,391.8704,2,996.2762,470.7803,2,929.9846,453.96533,2,898.8677,581.0246,2,950.544,694.86084,2,985.881,446.48996,2,969.1773,561.3017,2,973.92896,677.0486,2,965.78613,217.1243,2,16:51:10:977,1670
1,0,930.1124,431.2228,2,933.6554,372.97595,2,936.56104,323.64392,2,937.7747,243.02423,2,883.2794,275.7708,2,860.6425,376.48422,2,839.1285,441.35504,2,985.39343,275.55774,2,998.50354,366.4449,2,995.51624,431.7282,2,900.3881,430.96472,2,885.3172,527.88965,2,875.76935,610.11365,2,956.54626,431.42947,2,959.7212,547.6409,2,966.2935,664.0679,2,935.9963,211.28723,2,16:51:11:312,1680
1,0,898.41724,399.83182,2,896.22473,343.35474,2,894.2872,295.4505,2,888.4115,218.1214,2,832.2708,249.24771,2,810.3313,342.47937,2,795.9101,414.53912,2,943.036,246.6872,2,972.1409,335.88455,2,983.079,399.22668,2,869.68146,400.8949,2,871.1998,507.0371,2,876.85016,605.57916,2,924.1457,398.854,2,937.34863,503.27335,2,946.66046,608.41614,2,885.6385,187.5451,2,16:51:11:635,1690
1,0,904.10815,375.50992,2,902.92395,322.82556,2,901.62744,278.99115,2,904.0737,208.74045,2,854.4149,232.84467,2,830.4345,307.45605,2,834.2735,357.37103,2,947.79193,243.65857,2,966.96027,331.4816,2,980.2238,397.54663,2,878.43054,374.7558,2,875.99097,484.7851,2,872.82684,588.6421,2,927.3825,376.17017,2,933.2464,461.886,2,936.261,535.1157,2,906.34296,181.18433,2,16:51:11:975,1700
1,0,942.3183,346.6673,2,945.4152,296.54706,2,948.1983,254.23306,2,957.15533,186.52957,2,907.99133,206.82599,2,884.51764,282.73996,2,885.54706,338.35492,2,996.1973,223.71854,2,1004.77783,310.9218,2,1011.6991,369.4145,2,918.7223,342.90222,2,911.5671,429.45343,2,892.7444,517.81525,2,963.8401,350.07855,2,951.46985,447.42526,2,934.8554,536.3551,2,962.1199,159.93588,2,16:51:12:309,1710
1,0,972.9814,334.90402,2,978.7919,287.9054,2,984.02075,248.38391,2,992.46564,184.66461,2,946.3093,200.24127,2,911.82196,268.58698,2,901.8204,325.7185,2,1029.1722,218.10718,2,1049.1431,296.23297,2,1051.6477,346.24255,2,952.1457,329.81244,2,969.76495,411.68637,2,980.84204,483.26642,2,992.07764,339.55057,2,970.1328,439.39926,2,933.92554,528.37177,2,996.8146,160.20868,2,16:51:12:644,1720
1,0,1021.4951,305.9187,2,1024.2507,262.29495,2,1027.3252,225.34378,2,1032.7826,165.91803,2,995.73517,188.0438,2,979.1191,257.3271,2,996.00183,307.04254,2,1065.5312,195.72061,2,1069.3267,271.94098,2,1069.8606,324.17426,2,1001.6481,302.81918,2,1002.5227,385.60742,2,982.7071,467.40744,2,1039.6848,308.74008,2,1049.6045,386.88562,2,999.118,456.83694,2,1036.5414,142.97903,2,16:51:12:978,1730
1,0,1077.025,294.05576,2,1081.9617,251.70825,2,1087.2068,215.88416,2,1097.223,158.61963,2,1063.543,177.49258,2,1047.2605,245.41342,2,1047.357,302.04736,2,1123.4214,189.72745,2,1116.3958,264.24124,2,1121.76,318.63965,2,1058.9279,289.86508,2,1036.9183,374.71594,2,999.7434,440.004,2,1093.6935,297.89838,2,1090.9019,380.27686,2,1085.701,453.01862,2,1103.2476,136.52744,2,16:51:13:311,1740
1,0,1130.6736,283.68073,2,1136.949,243.2127,2,1141.9044,209.6922,2,1154.0912,156.561,2,1115.8405,167.7385,2,1086.7744,225.004,2,1097.1818,273.1088,1,1181.7518,184.04996,2,1183.9845,252.64615,2,1171.4729,302.6958,2,1111.7755,281.0708,2,1116.0812,357.46323,2,1087.0219,427.66528,2,1147.9773,286.05508,2,1116.0028,366.01068,2,1086.9489,440.32782,1,1159.998,136.32013,2,16:51:13:636,1750
1,0,1186.5806,276.55048,2,1190.3984,237.93298,2,1194.443,205.37976,2,1209.2969,154.6181,2,1174.7374,157.66241,2,1152.3893,218.52219,2,1168.6672,262.7801,2,1235.1072,181.1836,2,1239.595,246.95193,2,1242.0332,297.8417,2,1168.6621,274.5956,2,1166.1993,334.69025,1,1140.612,403.38104,1,1203.0751,278.33862,2,1216.6932,325.92154,1,1201.0885,395.2492,1,1216.5,135.00775,2,16:51:13:977,1760
0,0,0.0,0.0,0,0.0,0.0,0,0.0,0.0,0,0.0,0.0,0,0.0,0.0,0,0.0,0.0,0,0.0,0.0,0,0.0,0.0,0,0.0,0.0,0,0.0,0.0,0,0.0,0.0,0,0.0,0.0,0,0.0,0.0,0,0.0,0.0,0,0.0,0.0,0,0.0,0.0,0,0.0,0.0,0,16:51:14:314,1770
1,0,1300.2406,261.16953,2,1309.4309,223.64996,2,1317.028,192.32144,2,1328.503,141.45474,2,1292.8567,159.56723,2,1274.6621,220.42029,2,1266.4336,268.01022,2,1356.0105,165.21027,2,1340.1143,231.04242,2,1327.6682,282.66806,2,1283.3403,257.01196,2,1255.2616,334.48553,1,1226.9164,404.50574,1,1315.8405,264.99796,2,1285.8644,343.18314,2,1252.0015,412.1838,1,1334.6542,121.66879,2,16:51:14:646,1780
1,0,1346.4775,261.22083,2,1353.563,221.16492,2,1358.3362,188.31793,2,1368.1312,135.67368,2,1329.7996,157.81363,2,1307.4592,220.10812,1,1297.0635,268.84265,1,1394.4802,159.9524,2,1386.6616,228.09576,2,1380.5537,281.79984,2,1327.454,259.6853,2,1297.3301,342.5704,1,1268.8167,417.42352,1,1364.0842,262.63657,2,1343.5569,349.3344,1,1314.0175,426.46417,1,1373.5376,115.20599,2,16:51:14:983,1790
